行,大学名,よみ,区分
あ行,愛知大学,あいちだいがく,国立
あ行,愛知県立大学,あいちけんりつだいがく,公立
あ行,愛知学院大学,あいちがくいんだいがく,私立
あ行,会津大学,あいづだいがく,公立
あ行,青山学院大学,あおやまがくいんだいがく,私立
あ行,秋田大学,あきただいがく,国立
あ行,秋田県立大学,あきたけんりつだいがく,公立
あ行,亜細亜大学,あじあだいがく,私立
あ行,茨城大学,いばらきだいがく,国立
あ行,岩手大学,いわてだいがく,国立
あ行,石巻専修大学,いしのまきせんしゅうだいがく,私立
あ行,宇都宮大学,うつのみやだいがく,国立
あ行,愛媛大学,えひめだいがく,国立
あ行,江戸川大学,えどがわだいがく,私立
あ行,大阪大学,おおさかだいがく,国立
あ行,大阪公立大学,おおさかこうりつだいがく,公立
あ行,大阪教育大学,おおさかきょういくだいがく,国立
あ行,大阪工業大学,おおさかこうぎょうだいがく,私立
あ行,大阪経済大学,おおさかけいざいだいがく,私立
あ行,大手前大学,おおてまえだいがく,私立
あ行,岡山大学,おかやまだいがく,国立
あ行,岡山県立大学,おかやまけんりつだいがく,公立
あ行,お茶の水女子大学,おちゃのみずじょしだいがく,国立
あ行,桜美林大学,おうびりんだいがく,私立
あ行,小樽商科大学,おたるしょうかだいがく,国立
あ行,沖縄国際大学,おきなわこくさいだいがく,私立
か行,香川大学,かがわだいがく,国立
か行,鹿児島大学,かごしまだいがく,国立
か行,神奈川大学,かながわだいがく,私立
か行,金沢大学,かなざわだいがく,国立
か行,学習院大学,がくしゅういんだいがく,私立
か行,関西大学,かんさいだいがく,私立
か行,関西学院大学,かんせいがくいんだいがく,私立
か行,関西外国語大学,かんさいがいこくごだいがく,私立
か行,神田外語大学,かんだがいごだいがく,私立
か行,岐阜大学,ぎふだいがく,国立
か行,京都大学,きょうとだいがく,国立
か行,京都工芸繊維大学,きょうとこうげいせんいだいがく,国立
か行,京都府立大学,きょうとふりつだいがく,公立
か行,京都産業大学,きょうとさんぎょうだいがく,私立
か行,京都女子大学,きょうとじょしだいがく,私立
か行,九州大学,きゅうしゅうだいがく,国立
か行,九州工業大学,きゅうしゅうこうぎょうだいがく,国立
か行,北九州市立大学,きたきゅうしゅうしりつだいがく,公立
か行,近畿大学,きんきだいがく,私立
か行,杏林大学,きょうりんだいがく,私立
か行,熊本大学,くまもとだいがく,国立
か行,久留米大学,くるめだいがく,私立
か行,釧路公立大学,くしろこうりつだいがく,公立
か行,群馬大学,ぐんまだいがく,国立
か行,慶應義塾大学,けいおうぎじゅくだいがく,私立
か行,神戸大学,こうべだいがく,国立
か行,神戸市外国語大学,こうべしがいこくごだいがく,公立
か行,甲南大学,こうなんだいがく,私立
か行,工学院大学,こうがくいんだいがく,私立
か行,高知大学,こうちだいがく,国立
か行,國學院大學,こくがくいんだいがく,私立
か行,国際基督教大学,こくさいきりすときょうだいがく,私立
か行,駒澤大学,こまざわだいがく,私立
さ行,埼玉大学,さいたまだいがく,国立
さ行,埼玉県立大学,さいたまけんりつだいがく,公立
さ行,佐賀大学,さがだいがく,国立
さ行,札幌大学,さっぽろだいがく,私立
さ行,産業能率大学,さんぎょうのうりつだいがく,私立
さ行,滋賀大学,しがだいがく,国立
さ行,滋賀県立大学,しがけんりつだいがく,公立
さ行,静岡大学,しずおかだいがく,国立
さ行,静岡県立大学,しずおかけんりつだいがく,公立
さ行,島根大学,しまねだいがく,国立
さ行,芝浦工業大学,しばうらこうぎょうだいがく,私立
さ行,城西大学,じょうさいだいがく,私立
さ行,順天堂大学,じゅんてんどうだいがく,私立
さ行,実践女子大学,じっせんじょしだいがく,私立
さ行,淑徳大学,しゅくとくだいがく,私立
さ行,駿河台大学,するがだいだいがく,私立
さ行,成蹊大学,せいけいだいがく,私立
さ行,成城大学,せいじょうだいがく,私立
さ行,西南学院大学,せいなんがくいんだいがく,私立
さ行,摂南大学,せつなんだいがく,私立
さ行,専修大学,せんしゅうだいがく,私立
さ行,聖心女子大学,せいしんじょしだいがく,私立
さ行,清泉女子大学,せいせんじょしだいがく,私立
さ行,創価大学,そうかだいがく,私立
さ行,崇城大学,そうじょうだいがく,私立
た行,大東文化大学,だいとうぶんかだいがく,私立
た行,高崎経済大学,たかさきけいざいだいがく,公立
た行,拓殖大学,たくしょくだいがく,私立
た行,玉川大学,たまがわだいがく,私立
た行,多摩美術大学,たまびじゅつだいがく,私立
た行,千葉大学,ちばだいがく,国立
た行,千葉県立保健医療大学,ちばけんりつほけんいりょうだいがく,公立
た行,千葉工業大学,ちばこうぎょうだいがく,私立
た行,千葉商科大学,ちばしょうかだいがく,私立
た行,中央大学,ちゅうおうだいがく,私立
た行,中京大学,ちゅうきょうだいがく,私立
た行,中部大学,ちゅうぶだいがく,私立
た行,筑波大学,つくばだいがく,国立
た行,都留文科大学,つるぶんかだいがく,公立
た行,津田塾大学,つだじゅくだいがく,私立
た行,帝京大学,ていきょうだいがく,私立
た行,電気通信大学,でんきつうしんだいがく,国立
た行,天理大学,てんりだいがく,私立
た行,東京大学,とうきょうだいがく,国立
た行,東京科学大学,とうきょうかがくだいがく,国立
た行,東京外国語大学,とうきょうがいこくごだいがく,国立
た行,東京学芸大学,とうきょうがくげいだいがく,国立
た行,東京農工大学,とうきょうのうこうだいがく,国立
た行,東京海洋大学,とうきょうかいようだいがく,国立
た行,東京都立大学,とうきょうとりつだいがく,公立
た行,東京理科大学,とうきょうりかだいがく,私立
た行,東京電機大学,とうきょうでんきだいがく,私立
た行,東京経済大学,とうきょうけいざいだいがく,私立
た行,東京都市大学,とうきょうとしだいがく,私立
た行,東京女子大学,とうきょうじょしだいがく,私立
た行,東京家政大学,とうきょうかせいだいがく,私立
た行,東北大学,とうほくだいがく,国立
た行,東海大学,とうかいだいがく,私立
た行,東洋大学,とうようだいがく,私立
た行,同志社大学,どうししゃだいがく,私立
た行,同志社女子大学,どうししゃじょしだいがく,私立
た行,徳島大学,とくしまだいがく,国立
た行,獨協大学,どっきょうだいがく,私立
た行,富山大学,とやまだいがく,国立
た行,鳥取大学,とっとりだいがく,国立
た行,豊橋技術科学大学,とよはしぎじゅつかがくだいがく,国立
な行,長崎大学,ながさきだいがく,国立
な行,名古屋大学,なごやだいがく,国立
な行,名古屋工業大学,なごやこうぎょうだいがく,国立
な行,名古屋市立大学,なごやしりつだいがく,公立
な行,名古屋外国語大学,なごやがいこくごだいがく,私立
な行,奈良女子大学,ならじょしだいがく,国立
な行,奈良県立医科大学,ならけんりついかだいがく,公立
な行,南山大学,なんざんだいがく,私立
な行,新潟大学,にいがただいがく,国立
な行,新潟県立大学,にいがたけんりつだいがく,公立
な行,日本大学,にほんだいがく,私立
な行,日本女子大学,にほんじょしだいがく,私立
な行,日本体育大学,にっぽんたいいくだいがく,私立
な行,二松学舎大学,にしょうがくしゃだいがく,私立
は行,白鴎大学,はくおうだいがく,私立
は行,阪南大学,はんなんだいがく,私立
は行,浜松医科大学,はままついかだいがく,国立
は行,一橋大学,ひとつばしだいがく,国立
は行,兵庫県立大学,ひょうごけんりつだいがく,公立
は行,広島大学,ひろしまだいがく,国立
は行,広島市立大学,ひろしましりつだいがく,公立
は行,弘前大学,ひろさきだいがく,国立
は行,姫路獨協大学,ひめじどっきょうだいがく,私立
は行,福井大学,ふくいだいがく,国立
は行,福岡大学,ふくおかだいがく,私立
は行,福島大学,ふくしまだいがく,国立
は行,福岡工業大学,ふくおかこうぎょうだいがく,私立
は行,福岡教育大学,ふくおかきょういくだいがく,国立
は行,藤田医科大学,ふじたいかだいがく,私立
は行,文教大学,ぶんきょうだいがく,私立
は行,文化学園大学,ぶんかがくえんだいがく,私立
は行,北海道大学,ほっかいどうだいがく,国立
は行,北海学園大学,ほっかいがくえんだいがく,私立
は行,法政大学,ほうせいだいがく,私立
は行,星薬科大学,ほしやっかだいがく,私立
は行,北陸大学,ほくりくだいがく,私立
ま行,松山大学,まつやまだいがく,私立
ま行,三重大学,みえだいがく,国立
ま行,宮城大学,みやぎだいがく,公立
ま行,宮崎大学,みやざきだいがく,国立
ま行,明星大学,めいせいだいがく,私立
ま行,武蔵大学,むさしだいがく,私立
ま行,武蔵野大学,むさしのだいがく,私立
ま行,武庫川女子大学,むこがわじょしだいがく,私立
ま行,室蘭工業大学,むろらんこうぎょうだいがく,国立
ま行,明治大学,めいじだいがく,私立
ま行,明治学院大学,めいじがくいんだいがく,私立
ま行,明治薬科大学,めいじやっかだいがく,私立
ま行,名城大学,めいじょうだいがく,私立
ま行,明海大学,めいかいだいがく,私立
ま行,目白大学,めじろだいがく,私立
ま行,桃山学院大学,ももやまがくいんだいがく,私立
や行,山形大学,やまがただいがく,国立
や行,山口大学,やまぐちだいがく,国立
や行,山梨大学,やまなしだいがく,国立
や行,山梨県立大学,やまなしけんりつだいがく,公立
や行,横浜国立大学,よこはまこくりつだいがく,国立
や行,横浜市立大学,よこはましりつだいがく,公立
ら行,立教大学,りっきょうだいがく,私立
ら行,立命館大学,りつめいかんだいがく,私立
ら行,立正大学,りっしょうだいがく,私立
ら行,流通経済大学,りゅうつうけいざいだいがく,私立
ら行,龍谷大学,りゅうこくだいがく,私立
ら行,琉球大学,りゅうきゅうだいがく,国立
ら行,麗澤大学,れいたくだいがく,私立
わ行,和歌山大学,わかやまだいがく,国立
わ行,和光大学,わこうだいがく,私立
わ行,早稲田大学,わせだだいがく,私立
わ行,和洋女子大学,わようじょしだいがく,私立
